product_name                                                                             ,name_ordered                   ,supplier_name ,total_packs_ordered ,pack_size ,pack_price ,PO_cost ,total_packs_received ,receipt_pack_price ,received_cost ,upc          ,store_id ,store_name ,product_id ,restock_order_id ,is_out_of_stock ,out_of_stock_reason
Act 2 Popcorn - Butter - 2.75 oz                                                         ,ACT II MICRO POP BTR TRAY      ,Core-Mark     ,                  2 ,       18 ,     11.88 ,  23.76 ,                     ,                   ,              ,076150232233 ,       5 ,UofA       ,      1069 ,           14084 ,FALSE           ,
Airheads Xtremes Bites - Rainbow Berry - 6.0 oz                                          ,AIRHEADS XTRM BITES BERRY PEG  ,Core-Mark     ,                  1 ,       12 ,     20.28 ,  20.28 ,                     ,                   ,              ,073390008185 ,       5 ,UofA       ,       295 ,           14084 ,FALSE           ,
Arrowhead - Spring Water - 1.0 gal(s)                                                    ,ARROWHEAD WATER SPRING         ,Core-Mark     ,                  1 ,        6 ,     12.42 ,  12.42 ,                     ,                   ,              ,071142000050 ,       5 ,UofA       ,      3022 ,           14084 ,FALSE           ,
Original Bomb Pop - Original - 3.75 oz                                                   ,B B BOMB POP ORIGINAL          ,Core-Mark     ,                  1 ,       24 ,     28.8  ,  28.8  ,                     ,                   ,              ,070640013791 ,       5 ,UofA       ,      4441 ,           14084 ,FALSE           ,
Bagel Bites - Mini Bagel Dogs - 7.75 oz                                                  ,BAGEL BITES MINI BAGEL DOGS    ,Core-Mark     ,                  1 ,        8 ,     52.4  ,  52.4  ,                     ,                   ,              ,070085000783 ,       5 ,UofA       ,      3308 ,           14084 ,FALSE           ,
Bagel Bites Pizza Snacks - Three Cheese - 1.0 count                                      ,BAGEL BITES THREE CHEESE       ,Core-Mark     ,                  1 ,        8 ,     22.24 ,  22.24 ,                     ,                   ,              ,070085060107 ,       5 ,UofA       ,      2561 ,           14084 ,FALSE           ,
Bicycle Dice - Other - 5.0 count                                                         ,BICYCLE DICE                   ,Core-Mark     ,                  3 ,        1 ,      2.52 ,   7.56 ,                     ,                   ,              ,073854001066 ,       5 ,UofA       ,      1814 ,           14084 ,FALSE           ,
Blue Diamond Almonds - Smokehouse - 4.0 oz                                               ,BLUE D ALMONDS SMOKEHOUSE      ,Core-Mark     ,                  1 ,       12 ,     26.04 ,  26.04 ,                     ,                   ,              ,041570099186 ,       5 ,UofA       ,      3012 ,           14084 ,FALSE           ,
Brookside Dark Chocolate - Acai & Blueberry - 7.0 oz                                     ,BROOKSIDE DARK CHOC ACAI W/BLB ,Core-Mark     ,                  1 ,       12 ,     44.4  ,  44.4  ,                     ,                   ,              ,068437389716 ,       5 ,UofA       ,      2369 ,           14084 ,FALSE           ,
Cheez It - Original - 3.0 oz                                                             ,CHEEZ-IT                       ,Core-Mark     ,                  1 ,        6 ,      7.8  ,   7.8  ,                     ,                   ,              ,024100191345 ,       5 ,UofA       ,       584 ,           14084 ,FALSE           ,
Cheez It - Extra Toasty - 7.0 oz                                                         ,CHEEZ-IT EXTRA TOASTY          ,Core-Mark     ,                  3 ,        6 ,     31.32 ,  93.96 ,                     ,                   ,              ,024100117925 ,       5 ,UofA       ,        31 ,           14084 ,FALSE           ,
Cheez It Grab Bag - White Cheddar - 7.0 oz                                               ,CHEEZ-IT WHT CHED GRAB BAG     ,Core-Mark     ,                  1 ,        6 ,     16.2  ,  16.2  ,                     ,                   ,              ,024100116225 ,       5 ,UofA       ,      3010 ,           14084 ,FALSE           ,
Chex Mix Muddy Buddies - Peanut Butter And Chocolate - 4.5 oz                            ,CHEX MIX MUDDY BUDDIES         ,Core-Mark     ,                  1 ,        7 ,     19.11 ,  19.11 ,                     ,                   ,              ,016000507326 ,       5 ,UofA       ,      3860 ,           14084 ,FALSE           ,
Chex Mix - Traditional Mix - 3.75 oz                                                     ,CHEX MIX TRADITIONAL           ,Core-Mark     ,                  1 ,        8 ,     15.04 ,  15.04 ,                     ,                   ,              ,016000160101 ,       5 ,UofA       ,      1762 ,           14084 ,FALSE           ,
Crunch Bar - Original - 1.55 oz                                                          ,CRUNCH                         ,Core-Mark     ,                  1 ,       36 ,     33.84 ,  33.84 ,                     ,                   ,              ,099900908363 ,       5 ,UofA       ,      2020 ,           14084 ,FALSE           ,
Nissin Cup Of Noodles - Chicken - 2.25 oz                                                ,CUP O NOODLES CHICKEN          ,Core-Mark     ,                  1 ,       12 ,      9.36 ,   9.36 ,                     ,                   ,              ,070662030035 ,       5 ,UofA       ,        45 ,           14084 ,FALSE           ,
Digiorno Personal Pizza - Supreme Pizza - 10.0 oz                                        ,DIGIORNO PZA FOR 1 TRAD CRST S ,Core-Mark     ,                  1 ,       10 ,     39.8  ,  39.8  ,                     ,                   ,              ,071921008277 ,       5 ,UofA       ,      2842 ,           14084 ,FALSE           ,
Duracell Batteries - Double A - 4.0 count                                                ,DURACELL BATT AA MN1500B       ,Core-Mark     ,                  8 ,        1 ,      6.2  ,  49.6  ,                     ,                   ,              ,041333415017 ,       5 ,UofA       ,       354 ,           14084 ,FALSE           ,
Famous Amos - Chocolate Chip - 3.0 oz                                                    ,FAMOUS AMOS CKIE CHOC CHIP     ,Core-Mark     ,                  1 ,        6 ,      7.8  ,   7.8  ,                     ,                   ,              ,076677059085 ,       5 ,UofA       ,        54 ,           14084 ,FALSE           ,
Fiorucci Panino - Pepperoni & Mozzarella - 1.5 oz                                        ,FIORUCCI PANINOS PPRNI/MOZZ 2P ,Core-Mark     ,                  1 ,        8 ,     12.8  ,  12.8  ,                     ,                   ,              ,017869807022 ,       5 ,UofA       ,      4055 ,           14084 ,FALSE           ,
Gardetto's Crackers Snack Mix - Original - 5.5 oz                                        ,GARDETTO ORIG RECIPE           ,Core-Mark     ,                  1 ,        7 ,     18.9  ,  18.9  ,                     ,                   ,              ,016000166196 ,       5 ,UofA       ,      2478 ,           14084 ,FALSE           ,
Fruit Gushers - Flavor Mixers - 4.25 oz                                                  ,GUSHERS FLAVOR MIXER           ,Core-Mark     ,                  1 ,        8 ,     13.6  ,  13.6  ,                     ,                   ,              ,016000515284 ,       5 ,UofA       ,      2370 ,           14084 ,FALSE           ,
Fruit Gushers - Super Sour Berry - 4.25 oz                                               ,GUSHERS SUPER SOUR BERRY       ,Core-Mark     ,                  2 ,        8 ,     13.6  ,  27.2  ,                     ,                   ,              ,016000137042 ,       5 ,UofA       ,      2495 ,           14084 ,FALSE           ,
Haribo Happy Cola - Gummies - 5.0 oz                                                     ,HARIBO HAPPY COLA              ,Core-Mark     ,                  1 ,       12 ,     15.84 ,  15.84 ,                     ,                   ,              ,042238323643 ,       5 ,UofA       ,        78 ,           14084 ,FALSE           ,
Haribo Peaches - Gummies - 5.0 oz                                                        ,HARIBO PEACHES                 ,Core-Mark     ,                  1 ,       12 ,     15.84 ,  15.84 ,                     ,                   ,              ,042238380868 ,       5 ,UofA       ,      1768 ,           14084 ,FALSE           ,
Haribo Twin Snakes - Haribo - 5.0 oz                                                     ,HARIBO TWIN SNAKES             ,Core-Mark     ,                  1 ,       12 ,     15.84 ,  15.84 ,                     ,                   ,              ,042238377554 ,       5 ,UofA       ,      2453 ,           14084 ,FALSE           ,
Harvest Snaps Green Pea Crisps - Lightly Salted - 1.75 oz                                ,HARVEST SNAPS CRISPS LT/SLT    ,Core-Mark     ,                  1 ,        8 ,     14    ,  14    ,                     ,                   ,              ,071146009073 ,       5 ,UofA       ,       333 ,           14084 ,FALSE           ,
"Hillshire Small Plates - Genoa Salami, White Cheddar Cheese & Toasted Rounds - 2.76 oz" ,HILLSHIRE SM PLATE GEN SAL/CHE ,Core-Mark     ,                  4 ,       12 ,     30    , 120    ,                     ,                   ,              ,044500201819 ,       5 ,UofA       ,        85 ,           14084 ,FALSE           ,
"Hillshire Small Plates - Italian Dry Salami, Gouda & Toasted Rounds - 2.76 oz"          ,HILLSHIRE SM PLATE ITL SAL/GOU ,Core-Mark     ,                  3 ,       12 ,     30    ,  90    ,                     ,                   ,              ,044500201826 ,       5 ,UofA       ,        87 ,           14084 ,FALSE           ,
Kettle Potato Chips - Jalapeno - 5.0 oz                                                  ,KETTLE CHIPS JALAPENO          ,Core-Mark     ,                  1 ,        8 ,     20.64 ,  20.64 ,                     ,                   ,              ,084114116352 ,       5 ,UofA       ,      4297 ,           14084 ,FALSE           ,
Kettle Potato Chips - Sea Salt & Vinegar - 5.0 oz                                        ,KETTLE CHIPS SLT/VINEGAR       ,Core-Mark     ,                  1 ,        8 ,     20.64 ,  20.64 ,                     ,                   ,              ,084114009968 ,       5 ,UofA       ,      1733 ,           14084 ,FALSE           ,
Kraft String Cheese - Mozzarella - 1.0 oz                                                ,KRAFT NAT STRING CHEESE 02     ,Core-Mark     ,                  1 ,       24 ,     13.68 ,  13.68 ,                     ,                   ,              ,021000000227 ,       5 ,UofA       ,      1774 ,           14084 ,FALSE           ,
M&m's - Peanut - 1.74 oz                                                                 ,M&M PEANUT                     ,Core-Mark     ,                  1 ,       48 ,      0    ,   0    ,                     ,                   ,              ,040000000327 ,       5 ,UofA       ,      1044 ,           14084 ,FALSE           ,
Martinelli's  Apple Juice - Gold Medal - 10.0 fl. oz                                     ,MARTINELLI APPLE JCE P         ,Core-Mark     ,                  1 ,       12 ,     14.76 ,  14.76 ,                     ,                   ,              ,041244000081 ,       5 ,UofA       ,       907 ,           14084 ,FALSE           ,
Maruchan Ramen Noodles - Chicken - 3.0 oz                                                ,MARUCHAN RAMEN CHIX            ,Core-Mark     ,                  1 ,       24 ,      8.4  ,   8.4  ,                     ,                   ,              ,041789002113 ,       5 ,UofA       ,       243 ,           14084 ,FALSE           ,
Maruchan Yakisoba - Chicken - 4.0 oz                                                     ,MARUCHAN YAKISOBA CHICKEN      ,Core-Mark     ,                  1 ,        8 ,      8    ,   8    ,                     ,                   ,              ,041789007019 ,       5 ,UofA       ,       634 ,           14084 ,FALSE           ,
Meiji Hello Panda - Chocolate - 2.2 oz                                                   ,MEIJI PANDA CHOC B             ,Core-Mark     ,                  1 ,        6 ,      6.06 ,   6.06 ,                     ,                   ,              ,072320700762 ,       5 ,UofA       ,       976 ,           14084 ,FALSE           ,
Meiji Hello Panda - Strawberry Cream - 2.1 oz                                            ,MEIJI PANDA STRWBRY B          ,Core-Mark     ,                  2 ,        6 ,      5.82 ,  11.64 ,                     ,                   ,              ,072320700823 ,       5 ,UofA       ,      1003 ,           14084 ,FALSE           ,
Mike And Ike - Original - 5.0 oz                                                         ,MIKE & IKE P                   ,Core-Mark     ,                  1 ,       12 ,     12.84 ,  12.84 ,                     ,                   ,              ,070970472596 ,       5 ,UofA       ,      3188 ,           14084 ,FALSE           ,
Minute Maid - Frozen Lemonade - 12.0 oz                                                  ,MINUTE MD SFT LMNDE CUP FRZ LE ,Core-Mark     ,                  1 ,       12 ,     23.88 ,  23.88 ,                     ,                   ,              ,025000065996 ,       5 ,UofA       ,      3879 ,           14084 ,FALSE           ,
Minute Maid - Frozen Strawberry Lemonade - 12.0 oz                                       ,MINUTE MD SFT LMNDE CUP FRZ ST ,Core-Mark     ,                  1 ,       12 ,     24    ,  24    ,                     ,                   ,              ,025000066016 ,       5 ,UofA       ,      4104 ,           14084 ,FALSE           ,
Nerds Gummy Clusters - Original - 5.0 oz                                                 ,NERDS CLUSTERS RNBW MED PEG    ,Core-Mark     ,                  1 ,       12 ,     23.88 ,  23.88 ,                     ,                   ,              ,079200049065 ,       5 ,UofA       ,      3432 ,           14084 ,FALSE           ,
Nestle Toll House Cookie Dough - Chocolate Chip - 16.0 oz                                ,NESTLE CKIE DOUGH CHOC CHIP    ,Core-Mark     ,                  3 ,       12 ,     49.08 , 147.24 ,                     ,                   ,              ,050000622313 ,       5 ,UofA       ,      2619 ,           14084 ,FALSE           ,
Ocean Spray - Cranberry Juice - 32.0 fl. oz                                              ,OC SPRAY CRANBERRY JUICE P     ,Core-Mark     ,                  1 ,       12 ,     28.08 ,  28.08 ,                     ,                   ,              ,031200200006 ,       5 ,UofA       ,      1703 ,           14084 ,FALSE           ,
Oh Snap Pickle Bites - Dilly Bites - 3.25 oz                                             ,OH SNAP PICKLES BITES DILLY    ,Core-Mark     ,                  2 ,       12 ,     12.84 ,  25.68 ,                     ,                   ,              ,074329123382 ,       5 ,UofA       ,      3944 ,           14084 ,FALSE           ,
Oh Snap Pickle Bites - Hottie - 3.5 oz                                                   ,OH SNAP PICKLES BITES HOTTIE   ,Core-Mark     ,                  2 ,       12 ,     12.96 ,  25.92 ,                     ,                   ,              ,074329123399 ,       5 ,UofA       ,      2464 ,           14084 ,FALSE           ,
Lunchables - Extra Cheesy Pizza - 4.2 oz                                                 ,OM LNCHBL PIZZA CHSE           ,Core-Mark     ,                 16 ,        1 ,      2.9  ,  46.4  ,                     ,                   ,              ,044700024119 ,       5 ,UofA       ,      3123 ,           14084 ,FALSE           ,
Milano - Double Dark Chocolate - 7.5 oz                                                  ,P FARMS CKIE MILANO DBL CHOC   ,Core-Mark     ,                  1 ,       12 ,     51.72 ,  51.72 ,                     ,                   ,              ,014100074724 ,       5 ,UofA       ,       119 ,           14084 ,FALSE           ,
Goldfish - Cheddar - 2.65 oz                                                             ,P FARMS GOLDFISH CHED          ,Core-Mark     ,                  1 ,        8 ,      9.76 ,   9.76 ,                     ,                   ,              ,014100045526 ,       5 ,UofA       ,      3118 ,           14084 ,FALSE           ,
Goldfish - Flavor Blasted Xtra Cheddar - 2.45 oz                                         ,P FARMS GOLDFISH F BLST XT     ,Core-Mark     ,                  2 ,        8 ,      9.76 ,  19.52 ,                     ,                   ,              ,014100045557 ,       5 ,UofA       ,      3425 ,           14084 ,FALSE           ,
Pop Tarts - Frosted Brown Sugar Cinnamon - 2.0 count                                     ,POP TARTS FROST BRWN SGR CINN  ,Core-Mark     ,                  1 ,        6 ,      5.16 ,   5.16 ,                     ,                   ,              ,038000311314 ,       5 ,UofA       ,      3793 ,           14084 ,FALSE           ,
Pop Tarts - Strawberry - 2.0 count                                                       ,POP TARTS FROST STRAWBERRY     ,Core-Mark     ,                  1 ,        6 ,      4.92 ,   4.92 ,                     ,                   ,              ,038000317316 ,       5 ,UofA       ,      1821 ,           14084 ,FALSE           ,
Rice Krispies Treats - Original - 0.78 oz                                                ,RICE KRSP TRT BAR              ,Core-Mark     ,                  1 ,       20 ,     14.8  ,  14.8  ,                     ,                   ,              ,038000765414 ,       5 ,UofA       ,       722 ,           14084 ,FALSE           ,
Sabra Guac N Go - Guacamole - 4.56 oz                                                    ,SABRA GUACAMOLE GRAB & GO      ,Core-Mark     ,                  3 ,       12 ,     28.68 ,  86.04 ,                     ,                   ,              ,040822343893 ,       5 ,UofA       ,      1779 ,           14084 ,FALSE           ,
Sabra Hummus With Pretzels - Roasted Red Pepper - 4.56 oz                                ,SABRA HUMMUS RED PEPPR W/PRTZL ,Core-Mark     ,                  1 ,       12 ,     29.4  ,  29.4  ,                     ,                   ,              ,040822011969 ,       5 ,UofA       ,       171 ,           14084 ,FALSE           ,
Skittles - Sour - 1.8 oz                                                                 ,SKITTLES SOUR                  ,Core-Mark     ,                  1 ,       24 ,     24.24 ,  24.24 ,                     ,                   ,              ,040000002666 ,       5 ,UofA       ,       176 ,           14084 ,FALSE           ,
Snickers - Original - 1.86 oz                                                            ,SNICKERS ORIG SNGL             ,Core-Mark     ,                  1 ,       48 ,     44.64 ,  44.64 ,                     ,                   ,              ,040000424314 ,       5 ,UofA       ,       272 ,           14084 ,FALSE           ,
Snyder's Pretzel Pieces - Honey Mustard & Onion - 5.0 oz                                 ,SNYDERS PRTZL HNY MUSTARD PCES ,Core-Mark     ,                  1 ,        8 ,     13.84 ,  13.84 ,                     ,                   ,              ,077975093900 ,       5 ,UofA       ,       184 ,           14084 ,FALSE           ,
Snyder's - Mini Pretzels - 3.5 oz                                                        ,SNYDERS PRTZL MINIS            ,Core-Mark     ,                  1 ,        8 ,      7.44 ,   7.44 ,                     ,                   ,              ,077975022313 ,       5 ,UofA       ,      3195 ,           14084 ,FALSE           ,
Snyder's Pretzel Pieces - Hot Buffalo Wing - 5.0 oz                                      ,SNYDERS PRTZL PCS HOT BUFF WIN ,Core-Mark     ,                  1 ,        8 ,     13.84 ,  13.84 ,                     ,                   ,              ,077975093917 ,       5 ,UofA       ,      1818 ,           14084 ,FALSE           ,
Sour Punch Straws - Blue Raspberry - 2.0 oz                                              ,SOUR PUNCH STRAWS BLUE RASPBER ,Core-Mark     ,                  1 ,       24 ,     20.64 ,  20.64 ,                     ,                   ,              ,041364080512 ,       5 ,UofA       ,      1238 ,           14084 ,FALSE           ,
Stacy's Pita Chips - Simply Naked - 3.0 oz                                               ,STACYS PITA CHIPS SIMPLY NAKED ,Core-Mark     ,                  1 ,        6 ,      8.16 ,   8.16 ,                     ,                   ,              ,028400093095 ,       5 ,UofA       ,      3091 ,           14084 ,FALSE           ,
Starburst Minis - All Pink - 8.0 oz                                                      ,STARBURST ALL PINK MINI        ,Core-Mark     ,                  3 ,        8 ,     18    ,  54    ,                     ,                   ,              ,022000022837 ,       5 ,UofA       ,      4731 ,           14084 ,FALSE           ,
Swedish Fish - Red - 3.1 oz                                                              ,SWEDISH FISH RED THEATER BOX   ,Core-Mark     ,                  1 ,       12 ,     10.2  ,  10.2  ,                     ,                   ,              ,070462431230 ,       5 ,UofA       ,       194 ,           14084 ,FALSE           ,
Sweetarts Ropes - Twisted Rainbow Punch - 3.5 oz                                         ,SWEETARTS ROPE TWSTD RNBW SHR  ,Core-Mark     ,                  1 ,       12 ,     21.24 ,  21.24 ,                     ,                   ,              ,079200362003 ,       5 ,UofA       ,      2271 ,           14084 ,FALSE           ,
Tampax Pearl Tampons - Super - 8.0 count                                                 ,TAMPAX PEARL UNSCNTD SUPER PLS ,Core-Mark     ,                  3 ,        1 ,      2.94 ,   8.82 ,                     ,                   ,              ,073010710528 ,       5 ,UofA       ,      2814 ,           14084 ,FALSE           ,
Tide Pod - Spring Meadow - 16.0 count                                                    ,TIDE PODS SPRING MEADOW        ,Core-Mark     ,                  1 ,        6 ,     34.08 ,  34.08 ,                     ,                   ,              ,037000509547 ,       5 ,UofA       ,      4758 ,           14084 ,FALSE           ,
Totino's Pizza Rolls - Pepperoni - 7.5 oz                                                ,TOTINOS PZA ROLL PEPPERONI 15C ,Core-Mark     ,                  1 ,       12 ,     29.52 ,  29.52 ,                     ,                   ,              ,042800005830 ,       5 ,UofA       ,      1876 ,           14084 ,FALSE           ,
Trojan Condom - Ultra Thin - 3.0 count                                                   ,TROJAN CONDOM ULTRA-THIN LUBCR ,Core-Mark     ,                  3 ,        1 ,      1.89 ,   5.67 ,                     ,                   ,              ,022600926207 ,       5 ,UofA       ,      3845 ,           14084 ,FALSE           ,
Trolli - Sour Brite Eggs - 4.0 oz                                                        ,TROLLI GUMMI BRITECRWLR EGGS   ,Core-Mark     ,                  1 ,       12 ,     17.4  ,  17.4  ,                     ,                   ,              ,020709012081 ,       5 ,UofA       ,      2454 ,           14084 ,FALSE           ,
Trolli Sour Brite Crawlers - Very Berry - 5.0 oz                                         ,TROLLI GUMMI SR BR CRWLR VRY B ,Core-Mark     ,                  1 ,       12 ,     17.04 ,  17.04 ,                     ,                   ,              ,041420115875 ,       5 ,UofA       ,       294 ,           14084 ,FALSE           ,
Trolli Sour Brite Crawlers - Original - 5.0 oz                                           ,TROLLI GUMMI SR BRITECRWLRS PE ,Core-Mark     ,                  2 ,       12 ,     17.04 ,  34.08 ,                     ,                   ,              ,020709012302 ,       5 ,UofA       ,       210 ,           14084 ,FALSE           ,
Welch's Fruit Snacks - Island Fruits - 5.0 oz                                            ,WELCHS FRT SNK ISLAND FRUIT    ,Core-Mark     ,                  1 ,       12 ,      7.2  ,   7.2  ,                     ,                   ,              ,034856050919 ,       5 ,UofA       ,      1820 ,           14084 ,FALSE           ,
Extra Gum - Peppermint - 15.0 count                                                      ,ZZZMissing UPC                 ,Core-Mark     ,                  1 ,       10 ,     10.4  ,  10.4  ,                     ,                   ,              ,             ,       5 ,UofA       ,       465 ,           14084 ,FALSE           ,
Fresh Take Salads - Chicken Caesar Salad - 6.5 oz                                        ,ZZZMissing UPC                 ,Core-Mark     ,                  3 ,        1 ,      0    ,   0    ,                     ,                   ,              ,             ,       5 ,UofA       ,      8069 ,           14084 ,FALSE           ,
Fresh Take Salads - Southwest Chicken - 6.0 oz                                           ,ZZZMissing UPC                 ,Core-Mark     ,                  3 ,        1 ,      0    ,   0    ,                     ,                   ,              ,             ,       5 ,UofA       ,      8070 ,           14084 ,FALSE           ,
Haribo Funtastic Mix - Gummies - 5.0 oz                                                  ,ZZZMissing UPC                 ,Core-Mark     ,                  1 ,       12 ,     15.84 ,  15.84 ,                     ,                   ,              ,             ,       5 ,UofA       ,      7656 ,           14084 ,FALSE           ,
Harvest Snaps - Lightly Salted - 3.3 oz                                                  ,ZZZMissing UPC                 ,Core-Mark     ,                  1 ,       12 ,     30.6  ,  30.6  ,                     ,                   ,              ,             ,       5 ,UofA       ,      6820 ,           14084 ,FALSE           ,
Lunchables - Extra Cheesy Pizza - 4.6 oz                                                 ,ZZZMissing UPC                 ,Core-Mark     ,                  3 ,        1 ,     24.56 ,  73.68 ,                     ,                   ,              ,             ,       5 ,UofA       ,      7705 ,           14084 ,FALSE           ,
Lunchables - Turkey And American Cracker Stackers - 3.4 oz                               ,ZZZMissing UPC                 ,Core-Mark     ,                  8 ,        1 ,      2.52 ,  20.16 ,                     ,                   ,              ,             ,       5 ,UofA       ,      6468 ,           14084 ,FALSE           ,
Slim Jims - Original - Giant - 0.97 oz                                                   ,ZZZMissing UPC                 ,Core-Mark     ,                  1 ,       24 ,     13.92 ,  13.92 ,                     ,                   ,              ,             ,       5 ,UofA       ,       177 ,           14084 ,FALSE           ,
Vuse - All in one - 1.0 count                                                            ,ZZZMissing UPC                 ,Core-Mark     ,                  1 ,        5 ,      0    ,   0    ,                     ,                   ,              ,             ,       5 ,UofA       ,      7859 ,           14084 ,FALSE           ,
Advil - 200 Mg - 10.0 count                                                              ,ZZZWrong UPC                   ,Core-Mark     ,                  3 ,        1 ,      2.16 ,   6.48 ,                     ,                   ,              ,3.0573E+11   ,       5 ,UofA       ,       545 ,           14084 ,FALSE           ,
Arizona Fruit Juice Cocktail - Kiwi Strawberry - 22.0 fl. oz                             ,ZZZWrong UPC                   ,Core-Mark     ,                  1 ,       24 ,     15.84 ,  15.84 ,                     ,                   ,              ,6.13009E+11  ,       5 ,UofA       ,      1016 ,           14084 ,FALSE           ,
Arizona Fruit Juice Cocktail - Mucho Mango - 22.0 fl. oz                                 ,ZZZWrong UPC                   ,Core-Mark     ,                  1 ,       24 ,     21.6  ,  21.6  ,                     ,                   ,              ,6.13009E+11  ,       5 ,UofA       ,       973 ,           14084 ,FALSE           ,
Arizona Fruit Snacks - Half & Half - 5.0 oz                                              ,ZZZWrong UPC                   ,Core-Mark     ,                  1 ,       12 ,     16.32 ,  16.32 ,                     ,                   ,              ,6.13009E+11  ,       5 ,UofA       ,      7079 ,           14084 ,FALSE           ,
Arizona Iced Tea - Green Tea W/ Ginseng & Honey - 22.0 oz                                ,ZZZWrong UPC                   ,Core-Mark     ,                  1 ,       24 ,     15.84 ,  15.84 ,                     ,                   ,              ,6.13009E+11  ,       5 ,UofA       ,      1049 ,           14084 ,FALSE           ,
Arizona Iced Tea - Raspberry - 22.0 fl. oz                                               ,ZZZWrong UPC                   ,Core-Mark     ,                  1 ,       24 ,     15.84 ,  15.84 ,                     ,                   ,              ,6.13009E+11  ,       5 ,UofA       ,      1075 ,           14084 ,FALSE           ,
Band-aid Bandages - Tru-stay Sheer - 40.0 count                                          ,ZZZWrong UPC                   ,Core-Mark     ,                  4 ,        1 ,      0    ,   0    ,                     ,                   ,              ,3.8137E+11   ,       5 ,UofA       ,      1652 ,           14084 ,FALSE           ,
Barebells Protein Bar - Cookies & Cream - 1.94 oz                                        ,ZZZWrong UPC                   ,Core-Mark     ,                  1 ,       12 ,     24.36 ,  24.36 ,                     ,                   ,              ,8.5E+11      ,       5 ,UofA       ,      3853 ,           14084 ,FALSE           ,
Benadryl Allergy - Tablets - 4.0 count                                                   ,ZZZWrong UPC                   ,Core-Mark     ,                  1 ,        6 ,      9.06 ,   9.06 ,                     ,                   ,              ,3.66716E+11  ,       5 ,UofA       ,      5818 ,           14084 ,FALSE           ,
Brownie Brittle - Chocolate Chip - 5.0 oz                                                ,ZZZWrong UPC                   ,Core-Mark     ,                  1 ,        6 ,     15.54 ,  15.54 ,                     ,                   ,              ,7.11747E+11  ,       5 ,UofA       ,      3264 ,           14084 ,FALSE           ,
Burtâ€™s Bees Chapstick - Chapstick - 1.0 count                                            ,ZZZWrong UPC                   ,Core-Mark     ,                  3 ,        1 ,      2.56 ,   7.68 ,                     ,                   ,              ,7.9285E+11   ,       5 ,UofA       ,        20 ,           14084 ,FALSE           ,
Fiji Water - Original - 16.9 fl. oz                                                      ,ZZZWrong UPC                   ,Core-Mark     ,                  1 ,       24 ,     26.4  ,  26.4  ,                     ,                   ,              ,6.32565E+11  ,       5 ,UofA       ,        56 ,           14084 ,FALSE           ,
Flipz - White Fudge Pretzels - 5.0 oz                                                    ,ZZZWrong UPC                   ,Core-Mark     ,                  1 ,        6 ,     15.42 ,  15.42 ,                     ,                   ,              ,8.72181E+11  ,       5 ,UofA       ,      2969 ,           14084 ,FALSE           ,
Halo Top - Peanut Butter Cup - 16.0 oz                                                   ,ZZZWrong UPC                   ,Core-Mark     ,                  1 ,        8 ,     38.24 ,  38.24 ,                     ,                   ,              ,8.58089E+11  ,       5 ,UofA       ,      1946 ,           14084 ,FALSE           ,
Hi Chew Candy - Sweet & Sour Mix - 3.17 oz                                               ,ZZZWrong UPC                   ,Core-Mark     ,                  1 ,        6 ,     10.32 ,  10.32 ,                     ,                   ,              ,8.51681E+11  ,       5 ,UofA       ,      1769 ,           14084 ,FALSE           ,
Hostess Donettes - Powdered - 10.75 oz                                                   ,ZZZWrong UPC                   ,Core-Mark     ,                  1 ,        6 ,     15.9  ,  15.9  ,                     ,                   ,              ,8.88109E+11  ,       5 ,UofA       ,        46 ,           14084 ,FALSE           ,
Hot Pocket - Ham And Cheese - 4.5 oz                                                     ,ZZZWrong UPC                   ,Core-Mark     ,                  1 ,       30 ,     32.1  ,  32.1  ,                     ,                   ,              ,000436956576 ,       5 ,UofA       ,        90 ,           14084 ,FALSE           ,
Juul Pods - Menthol (5%) - 4.0 count                                                     ,ZZZWrong UPC                   ,Core-Mark     ,                  1 ,        8 ,    124.08 , 124.08 ,                     ,                   ,              ,8.19913E+11  ,       5 ,UofA       ,      3869 ,           14084 ,FALSE           ,
Lean Cuisine - Fettuccini Alfredo - 9.25 oz                                              ,ZZZWrong UPC                   ,Core-Mark     ,                  1 ,       12 ,     35.16 ,  35.16 ,                     ,                   ,              ,000214000026 ,       5 ,UofA       ,       620 ,           14084 ,FALSE           ,
Lenny & Larry's Complete Cookie - Chocolate Chip - 1.25 oz                               ,ZZZWrong UPC                   ,Core-Mark     ,                  1 ,       12 ,     20.16 ,  20.16 ,                     ,                   ,              ,7.87693E+11  ,       5 ,UofA       ,      2750 ,           14084 ,FALSE           ,
Lenny & Larry's Complete Cookie - Double Chocolate - 4.0 oz                              ,ZZZWrong UPC                   ,Core-Mark     ,                  1 ,       12 ,     20.16 ,  20.16 ,                     ,                   ,              ,7.87693E+11  ,       5 ,UofA       ,       107 ,           14084 ,FALSE           ,
Midol Complete - Personal Care - 4.0 count                                               ,ZZZWrong UPC                   ,Core-Mark     ,                  1 ,        6 ,      9.54 ,   9.54 ,                     ,                   ,              ,3.66716E+11  ,       5 ,UofA       ,      2662 ,           14084 ,FALSE           ,
Quest Protein Chips - Loaded Taco - 1.1 oz                                               ,ZZZWrong UPC                   ,Core-Mark     ,                  1 ,        8 ,      0    ,   0    ,                     ,                   ,              ,8.88849E+11  ,       5 ,UofA       ,      1340 ,           14084 ,FALSE           ,
Takis - Fuego - 3.25 oz                                                                  ,ZZZWrong UPC                   ,Core-Mark     ,                  1 ,       20 ,     33.8  ,  33.8  ,                     ,                   ,              ,7.57528E+11  ,       5 ,UofA       ,       956 ,           14084 ,FALSE           ,
Visine Advanced Eye Drops - Redness And Irritation Relief - 0.28 fl. oz                  ,ZZZWrong UPC                   ,Core-Mark     ,                  4 ,        1 ,      5.14 ,  20.56 ,                     ,                   ,              ,3.12547E+11  ,       5 ,UofA       ,      1749 ,           14084 ,FALSE           ,
Vuse Pods - Menthol - 2.0 count                                                          ,ZZZWrong UPC                   ,Core-Mark     ,                  1 ,        5 ,     63.95 ,  63.95 ,                     ,                   ,              ,8.49205E+11  ,       5 ,UofA       ,      4971 ,           14084 ,FALSE           ,
Zyn - Cool Mint - 6.0 mg(s)                                                              ,ZZZWrong UPC                   ,Core-Mark     ,                  1 ,        5 ,     18.7  ,  18.7  ,                     ,                   ,              ,6.0925E+11   ,       5 ,UofA       ,       460 ,           14084 ,FALSE           ,
Zyn - Peppermint - 6.0 mg(s)                                                             ,ZZZWrong UPC                   ,Core-Mark     ,                  2 ,        5 ,     18.55 ,  37.1  ,                     ,                   ,              ,6.0925E+11   ,       5 ,UofA       ,       462 ,           14084 ,FALSE           ,
Zyn - Wintergreen - 6.0 mg(s)                                                            ,ZZZWrong UPC                   ,Core-Mark     ,                  5 ,        5 ,     18.75 ,  93.75 ,                     ,                   ,              ,6.0925E+11   ,       5 ,UofA       ,      2411 ,           14084 ,FALSE           ,
